title,seller,rating,reviews,price,seller_level,video_consultation
I will prepare the financial statement for the company,Pradeep Khadka,5.0,34,47,Top Rated,True
I will do python development, machine learning, and data science in jupyter notebook,Kashif,5.0,6,14,Level 2,True
I will be your data science and statistics professional,Dror Rosen,4.9,46,370,Vetted Pro,True
I will do data analysis using tableau, power bi, python, r studio, sql or excel analyst,Mohsin,4.9,19,19,Level 1,False
I will analyze and prepare financial statements and financial models,Abdul Wahab,,,19,,False
I will be your financial analyst and power bi specialist,Fazal Imam,,,47,Level 1,False
I will be your power bi expert,Chetan Vaish,,,14,Level 2,True
I will do data analysis using python jupyter notebook,Muhammad H,5.0,1,51,,False
I will prepare dashboard in zoho analytics for mis, dss,Kartik Vora,,,93,,False
I will make and write shopify reports for your business,danishabidbhatt,,,14,,False
I will build stock and crypto price prediction application,Zeeshan,5.0,3,19,,False
I will be your statistical data analyst with python, excel, powerbi,Asad Amin,5.0,2,14,,False
I will do regression and time series analysis,Johannes M.,5.0,35,463,Level 2,False
I will do macros, vba code, formula, powerful data analysis in excel and google sheets,Semab.k,4.3,7,19,Level 1,False
I will do flask tensorflow nlp opencv and data science projects,Ansa Ali,5.0,3,10,Level 1,False
I will fix excel or google sheets functions formulas, do budgeting and forecasting,Amir Mba,4.8,2,10,Level 1,False
I will do time series analysis with python, r or other language,Raf,,,24,,False
I will analyze your data for insights and dashboarding,behasslefree,,,28,Level 1,False
I will create amazing excel dashboard, transfer your data to creative visualization,Roman Hrdlovic,5.0,2,14,,False
I will deliver any  reporting solution using ssrs and power bi,Jinesh S,4.9,10,28,,False
I will create real estate excel dashboard, template for your work easier and automate,Mak,,,47,Level 1,False
I will help you with the boot camp,Bjordi,,,10,,False
I will use monte carlo to build a portfolio to maximize your profit,Bjordi,,,19,,False
I will provide significant support in python, advanced excel,Bjordi,,,10,,False
I will build automated and insightful power bi report,Power Bi Expert,4.8,63,47,Top Rated,False
I will do excel data management and data analysis with dashboard,Rizwan M,4.8,2,47,Level 1,False
I will be your data analyst and will do financial analysis,Sohaib,4.8,17,14,Level 1,False
I will do your statistical, data analytics assignments in r,Kinza Noor,4.9,11,24,Level 1,False
I will be your excel expert for data analysis, dashboards, and automation,Bjordi,,,10,,False
I will do expert facebook prophet work for remarkable results,Bjordi,,,10,,False
I will create an excel dashboard, google sheets and data analysis,Uzma Mirza,,,5,,False
I will help you code in python programming language,Faizan,,,19,,False
I will do machine learning projects in python,Arslan Ahmad,,,10,,False
I will help you with accounting , auditing and data related issues,Rafya Akhtar,,,24,,False
I will data analysis in tableau, powerbi ,excel,Ramesh R,,,28,Level 1,False
I will do econometric analysis in spss, stata, python or r,Amberlyn R,,,28,,False
I will econometric and financial analysis with stata eviews r python,Onesmus M,5.0,2,56,Level 1,False
I will build effective excel data analysis, reports, charts, interactive dashboards,Assana G,5.0,13,139,Level 2,False
I will do excel google sheet template graph formula dashboard pivot table data cleaning,Bukhari,5.0,3,5,Level 1,False
I will build automated and insightful power bi report,Attaur R,4.9,6,28,Level 1,False
I will help you with your excel projects,Alejandro Diaz,,,10,,False
I will do cohort analysis using excel and power bi,Pabasara,5.0,1,33,,False
I will perform data cleaning, preprocessing, analysis and prediction,Muhammad A,,,19,,False
I will do statistical, data analytics assignments in r and python,Ml Pro,,,47,,False
I will be your excel and google sheets expert,Riab J,5.0,49,28,Level 2,False
I will do analysis of your data in r, python, spss, stata, eviews, amos or excel,Datapott A.,4.0,2,74,Level 1,False
I will do business analytics and customize business strategy,Parijat S,5.0,1,278,Level 1,False
I will do time series analysis in gretl,Shahzaibsamo,4.4,3,10,Level 1,False
I will prepare the financial statement for the company,Pradeep Khadka,5.0,34,47,Top Rated,True
I will be your data science and statistics professional,Dror Rosen,4.9,46,370,Vetted Pro,True
I will do python development, machine learning, and data science in jupyter notebook,Kashif,5.0,6,14,Level 2,True
I will do data analysis using tableau, power bi, python, r studio, sql or excel analyst,Mohsin,4.9,19,19,Level 1,False
I will use monte carlo to build a portfolio to maximize your profit,Bjordi,,,19,,False
I will provide significant support in python, advanced excel,Bjordi,,,10,,False
I will be your excel expert for data analysis, dashboards, and automation,Bjordi,,,10,,False
I will do expert facebook prophet work for remarkable results,Bjordi,,,10,,False
I will analyze financial statements data in excel,Moin,,,5,,False
I will clean and process your data and do an analysis on it,Suleman Khan,,,37,,False
I will create custom excel formula template,Rafya Akhtar,,,28,,False
I will help you with statistical and data analysis in excel, r, python,Dang Ho,5.0,3,5,,False
I will build automated and insightful power bi report,Power Bi Expert,4.8,63,47,Top Rated,False
I will be your spss, sql, tableau, r studio, python, powerbi and excel expert,George Tochi,5.0,1,5,Level 1,False
I will build effective excel data analysis, reports, charts, interactive dashboards,Assana G,5.0,13,139,Level 2,False
I will fix excel or google sheets functions formulas, do budgeting and forecasting,Amir Mba,4.8,2,10,Level 1,False
I will create interactive dashboards for your business KPI,Jola Analytics,,,33,,False
I will perform financial analysis, forecasting, reporting, modeling,Profinancials,,,10,,False
I will do econometrics and statistical analysis,Akinsika O,5.0,1,74,Level 1,False
I will do excel, power bi, tableau and google data studio analysis modeling for finance,Vicky,,,74,,False
I will data analysis, insights, action,Taher M,,,14,,False
I will be your power bi visualization specialist,Shahneel Sajid,,,14,,False
I will create custom excel solutions, provide tutoring, and offer financial consulting,Thomas Hennessy,,,139,,False
I will do excel and google sheets data analysis and visualization,Rafya Akhtar,,,10,,False
I will do excel data management and data analysis with dashboard,Rizwan M,4.8,2,47,Level 1,False
I will do business analytics and customize business strategy,Parijat S,5.0,1,278,Level 1,False
I will do flask tensorflow nlp opencv and data science projects,Ansa Ali,5.0,3,10,Level 1,False
I will econometric and financial analysis with stata eviews r python,Onesmus M,5.0,2,56,Level 1,False
I will provide microsoft excel services for small businesses,Hannan T,,,10,,False
I will analyze and transform your data into actionable insights,Joseph U,,,47,,False
I will provide your data analyst,Fenway,,,597,,False
I will create financial dashboards, reports, and analytics for your business,Sara,,,47,,False
I will do quantitative and qualitative analysis,Hassan Zafar,,,14,,False
I will do excel software research features spreadsheets financial accounts graph charts,Carina C,,,33,,False
I will create financial reports, dashboards, and clean excel data,Karan Verma,,,10,,False
I will do excel data cleaning and data analysis expert,Anis Khan,,,14,,False
I will provide expert excel dashboard, chart, macro, and pivot table,Zahid Mumtaz,5.0,11,47,Level 2,False
I will be your data analyst and will do financial analysis,Sohaib,4.8,17,14,Level 1,False
I will create custom power bi dashboard and deneb visuals,Ryan,4.9,7,47,Top Rated,True
I will do your statistical, data analytics assignments in r,Kinza Noor,4.9,11,24,Level 1,False
I will perform financial data analysis and create dynamic dashboards,Irfan Ahmad,,,24,,False
I will do statistical data analysis using excel, power bi, and  machine learning,Joy Paul,,,19,,False
I will design interactive financial reports and dashboards,Stephen A,,,47,,False
I will do comprehensive data analysis, data visualization, create advance bi dashboards,Abbas Ahmad,,,84,,False
I will do data science projects with machine learning and deep learning in python or r,App Developer,5.0,2,88,Level 1,False
I will excel data cleaning and formatting, data analysis and visualization combine PDF,Karanjot Singh,5.0,2,14,Level 1,False
I will build automated and insightful power bi report,Attaur R,4.9,6,28,Level 1,False
I will do eda data cleansing and visualization using python,Shakeel,5.0,1,10,Level 1,False
I will do your statistical, data analytics assignments in r,Kinza Noor,4.9,11,24,Level 1,False
I will do python development, machine learning, and data science in jupyter notebook,Kashif,5.0,6,14,Level 2,True
I will be your excel v lookup,h lookup,fuzzy lookup spreadsheet expert,Saddam Hussain,5.0,10,5,Level 1,False
I will do excel google sheet template graph formula dashboard pivot table data cleaning,Bukhari,5.0,3,5,Level 1,False
I will statistical data analysis using r studio,Uzma Shafiq,,,10,,False
I will do excel data cleaning, pivot table and more,Fawzaans,,,5,,False
I will interactive tableau dashboard for saas, crm, cms and analytics admin dashboard,Dan K,,,47,,False
I will create excel graph, charts , pivot table and interactive dashboard,Muhammad Usman,,,28,,False
I will help you with statistical data analysis using power bi, excel, sql etc,Matthew Akin,,,47,,False
I will create a professional trade history record crypto trade log   portfolio tracker,Lauren Hannah,,,47,,False
I will trabalho como analista e com excel,John F,,,19,,False
I will create interactive dashboards and reports for your business,Ferdinand Y,,,14,,False
I will do flask tensorflow nlp opencv and data science projects,Ansa Ali,5.0,3,10,Level 1,False
I will prepare the financial statement for the company,Pradeep Khadka,5.0,34,47,Top Rated,True
I will do data analysis using tableau, power bi, python, r studio, sql or excel analyst,Mohsin,4.9,19,19,Level 1,False
I will do time series analysis in gretl,Shahzaibsamo,4.4,3,10,Level 1,False
I will be your data analyst and do financial management and accounting,Ridwan,,,65,Level 2,True
I will do data analysis, modeling and hypothesis testing in minitab,Analysisk,,,10,Level 2,False
I will be your data guy,Jairam,,,5,,False
I will do python projects task assignments,Bilal Ashraf,,,28,,False
I will do analysis in stata, spss amos, spss, max dea, ms excel,Shanza,,,28,,False
I will automate data collection to google sheets,Jorge,5.0,1,42,Level 1,False
I will do data analysis and dashboard,Arif,,,24,Level 1,False
I will do efficient  data analysis in excel for you,Mahnoor N.,,,14,,False
I will econometric and financial analysis with stata eviews r python,Onesmus M,5.0,2,56,Level 1,False
I will convert your financial data into chart and dashboard excel,Usama Jawad,4.3,10,28,Level 1,False
I will build automated and insightful power bi report,Power Bi Expert,4.8,63,47,Top Rated,False
I will make excel graphs charts pivot tables and complex dashboard,Babar,4.7,58,47,Level 1,False
I will do interactive and intuitive bi report on power bi from database or sheets,Diego Sansone,5.0,1,139,,False
I will provide excellent services in excel,macros, vba and formula,Gary,5.0,2,47,,False
I will do financial analysis and financial forecast,Babar,5.0,2,47,Level 1,False
I will do excel and google sheets spreadsheets charts and macros,Erick,5.0,8,24,,False
I will help you with your google sheets,Matthew Kimber,5.0,1,5,Level 2,False
I will help you with your formulas on excel,Matthew Kimber,5.0,4,5,Level 2,False
I will do data analysis visualization with power bi, data scientist,Wasi Ahmed,,,185,Level 1,False
I will do financial data analysis,Emma O,,,47,Level 2,False
I will be your data analyst and will do financial analysis,Sohaib,4.8,17,14,Level 1,False
I will do excel data management and data analysis with dashboard,Rizwan M,4.8,2,47,Level 1,False
I will do your data analytics projects plus make a report,Fredrick S,4.6,24,93,Level 1,False
I will be your data analyst and formula expert with visualization in excel and power bi,Omer Naeem Khan,4.6,13,10,Level 1,False
I will do financial data analysis using python, rstudio, exce, stata, spss and jupyter,Jackson M,,,28,,False
I will do perfect excel data management,Fariyal M,,,10,,False
I will do professional data analysis in max dea,Shanza,,,14,,False
I will be a virtual assistant for any data entry and copy past,Muhammad Talha,,,14,,False
I will excel data cleaning and formatting, data analysis and visualization combine PDF,Karanjot Singh,5.0,2,14,Level 1,False
I will do eda data cleansing and visualization using python,Shakeel,5.0,1,10,Level 1,False
I will fix excel or google sheets functions formulas, do budgeting and forecasting,Amir Mba,4.8,2,10,Level 1,False
I will do macros, vba code, formula, powerful data analysis in excel and google sheets,Semab.k,4.3,7,19,Level 1,False
I will prepare the financial statement for the company,Pradeep Khadka,5.0,34,47,Top Rated,True
I will be your data science and statistics professional,Dror Rosen,4.9,46,370,Vetted Pro,True
I will build effective excel data analysis, reports, charts, interactive dashboards,Assana G,5.0,13,139,Level 2,False
I will do python development, machine learning, and data science in jupyter notebook,Kashif,5.0,6,14,Level 2,True
I will do perfect excel data management,Fariyal M,,,10,,False
I will do anything related to python, pandas, numpy, matplotlib, jupyter tasks,Hazel T,,,14,,False
I will do horizontal and vertical analysis, project report,Adeel Sadiq,,,5,,False
I will help you in data analysis,Tutor Jane,,,19,,False
I will do linear, non linear optimization problems by excel solver, gurobi, pulp, pyomo,Saira Jabeen,,,14,,False
I will data cleaning,mining and reshaping and will analyse it for you,hridaivadera12,,,47,,False
I will create your interactive dashboard using power bi and excel,Faisal,,,19,Level 1,False
I will create powerful excel dashboards, automation, and data analysis,Neil,,,19,,False
I will build automated and insightful power bi report,Power Bi Expert,4.8,63,47,Top Rated,False
I will do data analysis using tableau, power bi, python, r studio, sql or excel analyst,Mohsin,4.9,19,19,Level 1,False
I will be your spss, sql, tableau, r studio, python, powerbi and excel expert,George Tochi,5.0,1,5,Level 1,False
I will fix excel or google sheets functions formulas, do budgeting and forecasting,Amir Mba,4.8,2,10,Level 1,False
I will generate excel graphs, charts, pivot tables, and dashboards,Mohsin,,,28,,False
I will be your data analyst and will do financial management and accounting,Lloyd,,,47,,False
I will do tvp var analysis by antonakakis 2020,Shanza,,,10,,False
I will build alteryx workflows for data analysis, data cleansing, automation, reporting,piyushsomani,,,19,,False
I will rewrite, edit dissertations,proposal and urgent economics, finance research,Ruth K,,,37,,False
I will do data analysis for strategic business insights and growth,Ikhtisham Anwar,,,10,,False
I will do data analytics to drive better business insights,Ikhtisham Anwar,,,10,,False
I will create interactive and intuitive bi report on qlik sense using different data,Diego Sansone,,,139,,False
I will do excel data management and data analysis with dashboard,Rizwan M,4.8,2,47,Level 1,False
I will econometric and financial analysis with stata eviews r python,Onesmus M,5.0,2,56,Level 1,False
I will provide expert excel dashboard, chart, macro, and pivot table,Zahid Mumtaz,5.0,11,47,Level 2,False
I will do your data analytics projects plus make a report,Fredrick S,4.6,24,93,Level 1,False
I will professional excel accounting system,Edwin Barraza,,,28,,False
I will do python programming, data analysis, and machine learning projects,Alex L,,,19,,False
I will clean, analyze and visualize complex,Datawizard,,,10,,False
I will clean, analyze, and visualize your data using python and excel,Alexandr L,,,5,,False
I will help with an excel or vba related requests,Ian,,,5,,False
I will provide data analysis with financial analysts, forecasting, and modeling,Mahafujul,,,74,Level 1,False
I will do statistical data analysis, visualization and modelling in spreadsheets and r,Mustafa,5.0,1,14,Level 2,False
I will do big data analysis using spark scala,Sudheer,5.0,2,24,Level 2,False
I will do linear and logistic regression,Johannes M.,5.0,1,463,Vetted Pro,False
I will do flask tensorflow nlp opencv and data science projects,Ansa Ali,5.0,3,10,Level 1,False
I will be your data analyst and will do financial analysis,Sohaib,4.8,17,14,Level 1,False
I will do data science projects with machine learning and deep learning in python or r,App Developer,5.0,2,88,Level 1,False
I will create custom data science projects using python,Mehwish M,5.0,2,28,Level 2,True
I will assist you in project management tasks,Usama X Zaira,,,56,,False
I will create static and online relational maps,Ike C.a,,,14,Level 1,False
I will do your google sheets project with excellence,Serhii K.,4.9,65,74,Level 1,False
I will do macros, vba code, formula, powerful data analysis in excel and google sheets,Semab.k,4.3,7,19,Level 1,False
I will be your excel and google sheets expert,Riab J,5.0,49,28,Level 2,False
I will build automated and insightful power bi report,Attaur R,4.9,6,28,Level 1,False
I will do time series analysis in gretl,Shahzaibsamo,4.4,3,10,Level 1,False
I will prepare the financial statement for the company,Pradeep Khadka,5.0,34,47,Top Rated,True
I will be your data science and statistics professional,Dror Rosen,4.9,46,370,Vetted Pro,True
I will build effective excel data analysis, reports, charts, interactive dashboards,Assana G,5.0,13,139,Level 2,False
I will do python development, machine learning, and data science in jupyter notebook,Kashif,5.0,6,14,Level 2,True
I will assist you in project management tasks,Usama X Zaira,,,56,,False
I will create static and online relational maps,Ike C.a,,,14,Level 1,False
I will do your google sheets project with excellence,Serhii K.,4.9,65,74,Level 1,False
I will do excel reporting and data analysis,Muhammad W,,,28,,False
I will do data cleaning, wrangling, and visualization using tableau, power bi, python,Iqrar,,,10,Level 2,False
I will do data analysis and visualization, statistical analysis, r, r studio and python,Hailey,,,47,,False
I will work on financial analysis budgeting and forecasting,Asif Shaikh,4.3,1,10,,False
I will create dashboard and automation excel google sheets data studio power bi,Serhii K.,,,47,Level 1,False
I will build automated and insightful power bi report,Power Bi Expert,4.8,63,47,Top Rated,False
I will do data analysis using tableau, power bi, python, r studio, sql or excel analyst,Mohsin,4.9,19,19,Level 1,False
I will be your spss, sql, tableau, r studio, python, powerbi and excel expert,George Tochi,5.0,1,5,Level 1,False
I will fix excel or google sheets functions formulas, do budgeting and forecasting,Amir Mba,4.8,2,10,Level 1,False
I will integrate power bi dashboard with dynamics 365 and sap hana,Omer,,,28,,False
I will do data analysis using python on google colab and pandas,Anshul,,,93,Level 2,False
I will do data analysis and visualization using python,Sufyan Asghar,,,14,,False
I will be your certified indian chartered accountant,Ca Cpaneha,5.0,2,47,,False
I will do financial analysis, charts, pivot table and dashboards,Muhammad Ali,,,19,,False
I will perform data analysis with excel and bi tools with report,Kavin,,,24,,False
I will do data analysis and insights,Sibonelo Mlambo,,,232,,False
I will do advanced excel tasks for you,Elimem Plc,5.0,7,5,Level 2,False
I will do excel data management and data analysis with dashboard,Rizwan M,4.8,2,47,Level 1,False
I will econometric and financial analysis with stata eviews r python,Onesmus M,5.0,2,56,Level 1,False
I will provide expert excel dashboard, chart, macro, and pivot table,Zahid Mumtaz,5.0,11,47,Level 2,False
I will do your data analytics projects plus make a report,Fredrick S,4.6,24,93,Level 1,False
I will send you the cash flow tracker,Serhii K.,,,14,Level 1,False
I will exploratory data analysis and visualization,Vinay. P.,,,10,,False
I will send you the monthly income expense tracker,Serhii K.,5.0,2,14,Level 1,False
I will send you the personal budget spreadsheet,Serhii K.,4.8,3,14,Level 1,False
I will analyze your raw data and transform it to pivot table report,Sandro Gvinadze,,,74,,False
I will do data science, nvivo, nlp, ai, ml, and gpt, using python,Thosen M,,,47,,False
I will excel data analysis, excel and accounting professional,Jayaraja Sahu,,,24,,False
I will do complex data analysis or data analyst,Tahira Yasmeen,,,5,,False
I will model your sports data,Johannes M.,,,463,Vetted Pro,False
I will do flask tensorflow nlp opencv and data science projects,Ansa Ali,5.0,3,10,Level 1,False
I will do macros, vba code, formula, powerful data analysis in excel and google sheets,Semab.k,4.3,7,19,Level 1,False
I will convert google sheets workbook to excel spreadsheet,Ajit T,4.7,1,5,Level 1,False
I will be analysing the data and returing it in required format,Shyamkakani,,,14,,False
I will do statistical data analysis on rstudio, spss, excel and r,Thosen M,,,24,,False
I will analyze your big data,Bee,,,56,Level 1,False
I will help in financial analysis and  modelling to boost your business success,Asif H,,,28,,False
I will excel data cleaning and formatting, data analysis and visualization combine PDF,Karanjot Singh,5.0,2,14,Level 1,False
I will do data science projects with machine learning and deep learning in python or r,App Developer,5.0,2,88,Level 1,False
I will do business analytics and customize business strategy,Parijat S,5.0,1,278,Level 1,False
I will do time series analysis in gretl,Shahzaibsamo,4.4,3,10,Level 1,False
I will be your data science and statistics professional,Dror Rosen,4.9,46,370,Vetted Pro,True
I will prepare the financial statement for the company,Pradeep Khadka,5.0,34,47,Top Rated,True
I will build effective excel data analysis, reports, charts, interactive dashboards,Assana G,5.0,13,139,Level 2,False
I will build automated and insightful power bi report,Power Bi Expert,4.8,63,47,Top Rated,False
I will do professional spss data analysis and statistical reporting,Rabi Prasad,,,24,,False
I will create interactive KPI dashboards in excel,Amina Bilal,,,24,,False
I will be your spss, sql, tableau, r studio, python, powerbi and excel expert,George Tochi,5.0,1,5,Level 1,False
I will do r programming, rstudio, sas, data analysis and visualization,Ifra A,,,28,,False
I will help you code in rstudio, r programming , python SAS,Ifra A,,,28,,False
I will be analysing the data and returing it in required format,Shyamkakani,,,14,,False
I will do statistical data analysis on rstudio, spss, excel and r,Thosen M,,,24,,False
I will analyze your big data,Bee,,,56,Level 1,False
I will provide expert excel dashboard, chart, macro, and pivot table,Zahid Mumtaz,5.0,11,47,Level 2,False
I will do your data analytics projects plus make a report,Fredrick S,4.6,24,93,Level 1,False
I will do data analysis using tableau, power bi, python, r studio, sql or excel analyst,Mohsin,4.9,19,19,Level 1,False
I will econometric and financial analysis with stata eviews r python,Onesmus M,5.0,2,56,Level 1,False
I will do data analysis and visualization using python,Sufyan Asghar,,,14,,False
I will excel data analysis, excel and accounting professional,Jayaraja Sahu,,,24,,False
I will help in financial analysis and  modelling to boost your business success,Asif H,,,28,,False
I will do econometric modeling and time series analysis,Khush Naba,,,42,,False
I will do data science, nvivo, nlp, ai, ml, and gpt, using python,Thosen M,,,47,,False
I will do complex data analysis or data analyst,Tahira Yasmeen,,,5,,False
I will ready to assist you as your power bi or qlik expert,Paresh Rahool,5.0,2,28,,False
I will publish your paper in ssci and scoups q1,Noor Z,,,93,,False
I will do python development, machine learning, and data science in jupyter notebook,Kashif,5.0,6,14,Level 2,True
I will do business analytics and customize business strategy,Parijat S,5.0,1,278,Level 1,False
I will do excel data management and data analysis with dashboard,Rizwan M,4.8,2,47,Level 1,False
I will fix excel or google sheets functions formulas, do budgeting and forecasting,Amir Mba,4.8,2,10,Level 1,False
I will data entry excel tasks and analyze data, cost savings and provide insights,Jeevan C,,,5,,False
I will do stock report analysis, estimation cost, risk assessment,  financial analysis,Riley Smith,,,28,,False
I will create a python script to process excel or CSV files,Andrei D,,,10,,False
I will generate excel graphs, charts, pivot tables, and dashboards,Raeesa Ashraf,,,10,,False
I will analyze raw data to exponentiate growth,Aryan K,,,51,,False
I will excel vba power bi sql automation analysis,Shailesh,,,19,,False
I will review, analyze and generate reports for financial data,Mitchell Fisher,,,47,,False
I will analyze survey and research data for meaningful insights,Ernest O,,,93,,False
I will do regression and time series analysis,Johannes M.,5.0,35,463,Level 2,False
I will excel data cleaning and formatting, data analysis and visualization combine PDF,Karanjot Singh,5.0,2,14,Level 1,False
I will be your excel and google sheets expert,Riab J,5.0,49,28,Level 2,False
I will do eda data cleansing and visualization using python,Shakeel,5.0,1,10,Level 1,False
I will do data analysis, visualization, and prediction in python,Muhammad Tayyab,,,14,,False
I will provide expert excel support for analysis and reporting,Eldad G,,,24,,False
I will analyze data with microsoft excel,Oyedele Akande,,,93,,False
I will perform professional statistical analysis and data insights,Adel O,,,10,,False
I will do econometrics and statistical analysis,Akinsika O,5.0,1,74,Level 1,False
I will build automated and insightful power bi report,Attaur R,4.9,6,28,Level 1,False
I will create custom power bi dashboard and deneb visuals,Ryan,4.9,7,47,Top Rated,True
